background,noise
2486.198798253342,60.18561277581667
2327.2485391719106,58.202770934515435
843.5606316743797,32.483948098349444
906.1567957729342,35.40088243888219
1076.2459835961522,39.14765693549788
802.3416046366233,35.29325703967959
798.03213973654,35.23304477303641
948.6025343620956,37.14142708136436
981.1203633049809,33.36423110961914
908.9986550494016,35.7255944455483
936.1127278420274,39.2470688392077
780.1984393701026,33.75633474320647
871.4486405774361,33.981956746008464
872.0584339277013,34.227133201094894
874.074371070528,34.60521756977787
875.4819111847543,34.23267463543069
876.0402532050571,34.09928139508876
876.915127179246,34.34677324403521
877.8374762464379,34.451699218755365
878.1699370842178,34.6482625299452
997.999546343265,36.7410679078106
1083.967334498925,37.304193336497235
1143.901293027589,40.48241405877076
975.171262075292,38.0688850546308
969.9088189920348,37.645436527562445
876.0707435299237,34.77333470913042
878.0044635251464,34.875114864910344
879.1275789026414,35.59679444945338
880.2224507531641,34.72540436242402
882.6643150410529,35.06360178984943
883.661091334869,34.97567898225293
884.9407157653405,35.27259109017833
889.3871056110379,35.412482558989936
891.5274258359614,35.44411254937423
893.1034767799815,34.86331033129418
893.4585303990176,34.908492910884064
893.7581807813831,34.79717545336727
894.0026868427043,35.039767644271116
894.0309930123594,35.93814410435061
845.0463243939803,35.65778007038425
790.0285102275908,35.27256358373591
1028.3679266180584,39.941255443636216
1133.3474957075546,40.83544550454031
1122.1045421940587,41.10804381876708
1127.6585053876113,40.38606662458475
1128.811777759278,40.30982676798292
1129.845168506023,40.096045268163586
1131.9574975974533,40.33809690637945
1343.2361434851314,44.01457753410868
1954.7814223039863,50.54291041366441
1889.824301574664,48.52485063402366
1894.6729208406543,48.660102554616905
1926.0307909566288,49.29148633404177
1932.010896643881,48.91873105576859
1940.341461694805,48.984347308946255
1949.8077638898592,49.786117126695814
1959.239192192416,49.6578120900654
1966.303347484308,49.525335530148624
2168.1188171624963,53.54839118023488
2166.467642606913,53.73898371702917
1856.5467574079896,51.15084132435418
1518.9742325770478,46.8306048765906
1518.3638811021633,46.53351103107706
1517.519665557347,46.617733414812584
1515.9701461597908,47.00635730021757
1485.0986157520144,47.5232317816806
1023.2728499400472,38.37521746079516
630.2650321159588,29.949265944194245
677.8375737661502,30.77130630479263
643.31680175478,30.22968571631819
639.46572258151,30.59829469150208
636.1442609958284,30.32328593880282
636.4556627735565,30.26566549611951
628.3552353954451,30.822496630416143
721.7230000271766,32.07303033135314
952.0651784964545,39.84345664539117
652.0506557184601,31.542641277050404
845.7867386441382,34.933555595454926
729.5240292743357,32.970344818563994
865.7247766999697,35.35258942157256
805.7469187829998,33.1927477849385
659.6350999189806,31.57675006806128
664.8309074050989,31.52728977475759
629.0028710123214,29.847758537485852
621.8821682575586,29.629943712500324
624.4077988188737,29.891847947757288
606.9281431932154,30.49821605420213
622.3388356185884,30.049132860718142
639.4347036149463,30.358538095992706
627.2153893213679,30.104482662196386
761.745639765843,32.340499643892585
729.8520961462092,32.93133027951565
1349.3852483423625,40.747279220434656
1485.8380086824088,40.87026945620287
1282.4572559199923,42.76728706600605
1153.602803346741,40.23289469901609
647.3404400457891,30.591068357142507
635.7571228171576,30.396962240333348
569.0632314469595,28.839781072089654
573.2535042385714,29.27037310181274
558.1406684225187,29.166956887493853
638.3056109857729,30.3939173349436
724.0994132319535,30.608708002297952
540.13599695791,27.722928179979053
740.5366593814877,32.272748864019306
720.8566522337828,29.99407514170407
617.8489118186392,29.83732446846361
620.7062234100213,28.856324360978867
620.6783957122067,28.741540332291887
635.5412324609871,31.056073927007816
635.3551821923229,29.31464828277325
634.5182209749727,28.980101890844935
633.7162805832867,29.050257084041604
610.9625562157239,28.66551476775473
611.0426646549188,29.116784182742368
611.078951698446,28.993699802554865
611.0239654014006,28.81959134090542
610.7898555225421,29.56206344311755
610.6310379373093,29.47613133234889
610.3818383094223,28.56061134851355
610.0699591455758,28.724969658642063
609.6033277866849,29.327725007392704
609.1316359762195,28.88351363748497
572.9457908945167,28.741521496589527
592.526952812633,29.078830329764745
581.1226513114664,29.827105318760577
570.5026594220268,29.678600759806876
559.4917900722922,29.246817614663374
665.1659225432646,30.283932924922116
658.221994243063,28.626047254114
