round,train_log_loss,validation_log_loss
1,0.5316646661141979,0.5325554212927819
2,0.509280531691961,0.5140389555692673
3,0.4894147773092691,0.49835934400558474
4,0.47079943800380475,0.48516254767775535
5,0.45330077347420017,0.4695204930007458
6,0.4371478240299587,0.4548641575872898
7,0.42250818444748794,0.44228094562888143
8,0.409233682565816,0.43152375414967536
9,0.39571169885619056,0.42087664768099786
10,0.3836539961652611,0.4114050722122192
11,0.37187288746860997,0.40148770362138747
12,0.36107950127850014,0.39154032453894616
13,0.34961049836624714,0.38117358699440956
14,0.34016472741451553,0.3725154589116573
15,0.3294481674754574,0.3637295013666153
16,0.3209045008674774,0.35721281051635745
17,0.31288451454938593,0.3511548584699631
18,0.3044013653531274,0.3428266425430775
19,0.2962468412099229,0.33680221647024156
20,0.28909981440568605,0.329996949210763
21,0.2831195714129241,0.3250857738405466
22,0.27671233777084275,0.32001176558434963
23,0.27122991880536534,0.3159060074388981
24,0.2643633492489278,0.3098085155338049
25,0.25915456829528843,0.3050127818435431
26,0.2526091602931911,0.29789987713098526
27,0.24677483306864822,0.292978682294488
28,0.24149054761961838,0.28871958158910277
29,0.23648598518208405,0.2850927338004112
30,0.23223166198898176,0.28158473402261736
31,0.22737534304535434,0.27711455501616
32,0.2217666962017578,0.2713996621966362
33,0.21753161329733556,0.2684785809367895
34,0.21375562542404966,0.2656013706326485
35,0.20870919369812702,0.26001469023525714
36,0.20499508448313397,0.257168101221323
37,0.20040458945040468,0.25151788093149663
38,0.19699957666514945,0.24908803440630436
39,0.19437366012951268,0.24683370761573314
40,0.1908471604292157,0.24366312518715857
41,0.18652933100840438,0.2387391174584627
42,0.18289602223514603,0.23470894277095794
43,0.17972998993874956,0.23125853039324284
44,0.17687277477447072,0.22880670253187418
45,0.17346172761384526,0.2248580100014806
46,0.17111644767819703,0.2232735888659954
47,0.16915055045666805,0.22225040435791016
48,0.1663761068234652,0.21888515073806047
49,0.16432251611249982,0.21725249342620373
50,0.16212872301047745,0.2150798912718892
51,0.1603883514782775,0.2134142290055752
52,0.15853892790840607,0.21272276744246482
53,0.1565040380272575,0.21009812656790017
54,0.15410070524979452,0.20821362379938363
55,0.1520343158719884,0.20656352136284112
56,0.15055325236383954,0.2053975972533226
57,0.1486652764728994,0.20315847404301166
58,0.14699511296565543,0.20201632186770438
59,0.14470350490210174,0.19965434581041336
60,0.14283197210258858,0.19738496955484153
61,0.14120265337224241,0.19596857223659753
62,0.1396988909337457,0.19327767115086317
63,0.1382494589505087,0.19263710893690586
64,0.13692380806622395,0.1915114238485694
65,0.1357945489551971,0.19079760545864702
66,0.1347031204787724,0.19023974111303688
67,0.1333568824717187,0.1895124810561538
68,0.1317434819918055,0.18731290251016616
69,0.13073618306349893,0.18702789582312107
70,0.12976587473807907,0.1867699927650392
71,0.1282306323784046,0.18514753149822355
72,0.12681665214153978,0.1841377604007721
73,0.12530024258327802,0.18275341527536512
74,0.12405776712661007,0.18172020418569446
75,0.12260570525839755,0.1802369130216539
76,0.12113573400041676,0.17897363603115082
77,0.11997181430685656,0.177625691909343
78,0.11861987737761705,0.17676976300776004
79,0.1177902666306541,0.17594622435048224
80,0.11708717915041818,0.17541101427748798
81,0.11627710714029722,0.17532139463350177
82,0.11538791881003081,0.17549089178442956
83,0.11471968757505653,0.17511403253301977
84,0.11386151168452922,0.17459551183506847
85,0.11257139006240059,0.1734091446734965
86,0.11136097706741027,0.17167404556646942
87,0.11094688095803949,0.17167256573215128
88,0.11047836100618875,0.17147990072146058
89,0.1093453201943364,0.17090599911287427
90,0.10839573814473451,0.16955729929730295
91,0.10769284209201091,0.16898250417783856
92,0.10689481209694433,0.16836948676034807
93,0.10620722375781817,0.1676197694055736
94,0.10547555015624249,0.16677695222198963
95,0.10492141612808967,0.16654851991683245
96,0.10406599799348147,0.165327583104372
97,0.10360280626202037,0.16508496101945638
98,0.10314719543965824,0.16478917217813432
99,0.1022631468024714,0.16443300944752992
100,0.10161774077527083,0.16388707933016122
101,0.10093802475359843,0.16328546625562013
102,0.10055484246646723,0.16325791924260558
103,0.0999847508032059,0.16292021740227938
104,0.09962371472240968,0.1631387620791793
105,0.09915329751420497,0.16293140417896212
106,0.09864566820415141,0.16243004118092358
107,0.09802177796997272,0.1616476703248918
108,0.0973724997974224,0.16109320054762066
109,0.09698827369244833,0.16075224868953228
110,0.09651388879157177,0.16038609212264418
111,0.09618199043712462,0.1604143942706287
112,0.09576375352239994,0.16020534210838377
113,0.09535824743669635,0.16014017451554538
114,0.09489006099747954,0.1599187284708023
115,0.09454151303879209,0.15956755133345724
116,0.09420334071827478,0.15935584575869144
117,0.09366400342987065,0.15863864253275095
118,0.09313298344342995,0.1583303731121123
119,0.09262769674251968,0.15777064779773353
120,0.09223877347849961,0.15743957015685736
121,0.09190636412187447,0.1571250349935144
122,0.09160026905087917,0.15729146861471235
123,0.09133317970631807,0.15696747871115804
124,0.0908140264621479,0.15637237278744578
125,0.09046955915529126,0.15607816798612476
126,0.09024638851162599,0.1558812689036131
127,0.08994214881579798,0.15592840867117047
128,0.08945873081188352,0.15513480857014655
129,0.08915306921665886,0.15514006637968122
130,0.08886635892744753,0.15530267477966844
131,0.08863947977499591,0.15536246807314455
132,0.08831809031221123,0.15543590039014815
133,0.08810096183090609,0.15553761279210448
134,0.08784642141354855,0.15556653290987016
135,0.08739547487065026,0.154964919090271
136,0.0872239678807755,0.15519054051488637
137,0.08690050568700743,0.15488531886599957
138,0.08655336121019301,0.15453796297311784
139,0.08629864053411175,0.1546241661440581
140,0.0861077631200476,0.1547328017652035
141,0.08557128332583623,0.15412054654676466
142,0.08517723500608208,0.15360075482167304
143,0.0847471466627921,0.15334524482954293
144,0.08441908110266005,0.1530607514968142
145,0.08419100568229651,0.15300007815472783
146,0.08397645675028345,0.1529480575118214
147,0.08367882750949648,0.15273562423419207
148,0.083396490121494,0.15252516283188014
149,0.08315963518341911,0.15240755273029208
150,0.08290623112833093,0.15245928219053895
151,0.0827017373338115,0.15250313825439663
152,0.08245202820896819,0.15213085582945496
153,0.08230299104939962,0.1520970946457237
154,0.0821028202595083,0.15204668201040478
155,0.08180833797894786,0.15155308990739286
156,0.08166120343880565,0.15147166671231388
157,0.08153862601585204,0.15147986438591032
158,0.08133256569072718,0.151683696731925
159,0.08119996583103398,0.15160380402114243
160,0.08101858624289017,0.15173445167951286
161,0.08083662031459207,0.15151529971510172
162,0.080502986520203,0.15146147231105714
163,0.08014619251635251,0.15140823224559427
164,0.07999765384807729,0.1513700021104887
165,0.07968662183788452,0.15113869188353418
166,0.07943504566978309,0.15101190770976244
167,0.07928768820182452,0.15092383310198784
168,0.07910287117465141,0.15103181933052837
169,0.07899269964121026,0.15094829948153346
170,0.07879145896883802,0.1507292273407802
171,0.07846521995536727,0.1506688863085583
172,0.07828563151123293,0.1508561439299956
173,0.07809176721641999,0.15090985856950284
174,0.07795604184170753,0.15107880618423222
175,0.07781701454779438,0.15115872865077107
176,0.0776628818426692,0.15131578637752682
177,0.07747308584815422,0.1511212056921795
178,0.07734965752038268,0.15102184585295617
179,0.07715929620775319,0.15089562546927482
180,0.07701233075577553,0.15095415336079895
181,0.07685402005790475,0.15103110265452416
182,0.07671450071582153,0.15118482707533987
183,0.07656184413218906,0.15130528574809432
184,0.0764194655642905,0.15148278719279915
185,0.07625920309936593,0.15140102712437511
186,0.07610863772444001,0.15118741932325064
187,0.07590334305093542,0.1510711769061163
188,0.07575662104774111,0.15120948054362088
189,0.07555368693701271,0.15100581378210337
190,0.075341642359732,0.15074199830647558
191,0.07519196055142542,0.15077296352945269
192,0.07501799735052957,0.1506544126709923
193,0.07489523098241013,0.15078196741640568
194,0.07475933790677883,0.150820142775774
195,0.07465472437455514,0.1508456267649308
196,0.07450218354936108,0.1508828269923106
197,0.07438374037620657,0.15095961935585364
198,0.0742816511061779,0.15092368540819734
199,0.07418319285748094,0.15092935722554102
200,0.07406273553193947,0.15106943141203374
201,0.07396350782400019,0.15106528824660928
202,0.07381451705173224,0.15116946031805129
203,0.07369714388676951,0.1509494066145271
204,0.07356138833260213,0.15074804998701438
205,0.0733951354105408,0.15064227199181915
206,0.07324785652956411,0.150834409117233
207,0.07318009566976033,0.1509433493274264
208,0.07304501663999696,0.15122068755328655
209,0.0729545520126338,0.1511736963666044
210,0.07281839783381346,0.1513154448592104
211,0.0726809356443074,0.15144144533667714
212,0.07251473372278049,0.15129979591118173
213,0.07241299273375379,0.15128429476637392
214,0.07228549535053397,0.1513216086453758
215,0.07218446354859795,0.15126433407887815
216,0.07208709975353977,0.15133493839064613
217,0.07197791916059734,0.15135474083945155
218,0.0719340641313576,0.15130122560774908
219,0.07184786287564855,0.15154625546187162
220,0.07174698198515171,0.15165148633997888
221,0.071609699545329,0.15172665321500972
222,0.07147101374491766,0.1515879252133891
223,0.0713171414860981,0.15150141579099
224,0.07122973365684397,0.15148894572164864
225,0.07111886175200627,0.1515838231658563
226,0.07101103667162727,0.1514561998611316
227,0.07093207246956801,0.15165891119278968
228,0.07084082020358129,0.1517185839288868
229,0.07074084595561084,0.15161478796740993
230,0.07062677918232184,0.15167572250356898
231,0.07052523580896793,0.15173061704961582
232,0.07043761601175816,0.1517794424202293
233,0.07034203247521285,0.1517392873740755
234,0.07024815411062578,0.15184203257784248
235,0.07014734275415965,0.15179372607031838
