group_id,split,kind,seed,noise_correlation,artifacts,processed_seconds,injected
train_20261009,train,burst,20261009,0.3704165071126374,2,900.0,1
train_20261010,train,burst,20261010,0.0177639853369014,1,900.0,1
train_20261011,train,burst,20261011,0.19235902666495716,2,900.0,1
train_20261012,train,burst,20261012,0.5351498254192799,2,900.0,1
train_20261013,train,noise,20261013,0.4091889598677335,0,900.0,0
train_20261014,train,artifacts,20261014,0.06958008708949008,2,900.0,0
train_20261015,train,burst,20261015,0.0,0,900.0,1
train_20261016,train,burst,20261016,0.0,1,900.0,1
train_20261017,train,burst,20261017,0.0,2,900.0,1
train_20261018,train,burst,20261018,0.020433206937737446,3,900.0,1
train_20261019,train,noise,20261019,0.0,0,900.0,0
train_20261020,train,artifacts,20261020,0.5162582567600299,2,900.0,0
train_20261021,train,burst,20261021,0.09783114004663031,3,900.0,1
train_20261022,train,burst,20261022,0.098578115463185,0,900.0,1
train_20261023,train,burst,20261023,0.0,0,900.0,1
train_20261024,train,burst,20261024,0.20222828051307978,0,900.0,1
train_20261025,train,noise,20261025,0.18746901149253764,0,900.0,0
train_20261026,train,artifacts,20261026,0.0,2,900.0,0
train_20261027,train,burst,20261027,0.0,2,900.0,1
train_20261028,train,burst,20261028,0.39271478146906846,3,900.0,1
train_20261029,train,burst,20261029,0.0,1,900.0,1
train_20261030,train,burst,20261030,0.0,2,900.0,1
train_20261031,train,noise,20261031,0.0,0,900.0,0
train_20261032,train,artifacts,20261032,0.0,2,900.0,0
train_20261033,train,burst,20261033,0.18775254784958986,1,900.0,1
train_20261034,train,burst,20261034,0.31062758514692845,1,900.0,1
train_20261035,train,burst,20261035,0.23592050594269706,2,900.0,1
train_20261036,train,burst,20261036,0.0,3,900.0,1
train_20261037,train,noise,20261037,0.3872098989678718,0,900.0,0
train_20261038,train,artifacts,20261038,0.3371660117408627,2,900.0,0
train_20261039,train,burst,20261039,0.4454189166976134,3,900.0,1
train_20261040,train,burst,20261040,0.0,3,900.0,1
train_20261041,train,burst,20261041,0.1843217331015036,3,900.0,1
train_20261042,train,burst,20261042,0.20085399351130584,0,900.0,1
train_20261043,train,noise,20261043,0.0,0,900.0,0
train_20261044,train,artifacts,20261044,0.0,2,900.0,0
train_20261045,train,burst,20261045,0.0,1,900.0,1
train_20261046,train,burst,20261046,0.0,2,900.0,1
train_20261047,train,burst,20261047,0.0,2,900.0,1
train_20261048,train,burst,20261048,0.0,1,900.0,1
train_20261049,train,noise,20261049,0.3122567943318502,0,900.0,0
train_20261050,train,artifacts,20261050,0.2837845545793907,2,900.0,0
train_20261051,train,burst,20261051,0.34959056662304433,3,900.0,1
train_20261052,train,burst,20261052,0.0,2,900.0,1
train_20261053,train,burst,20261053,0.5509279878264522,3,900.0,1
train_20261054,train,burst,20261054,0.28884525441601355,3,900.0,1
train_20261055,train,noise,20261055,0.10761703804576979,0,900.0,0
train_20261056,train,artifacts,20261056,0.08768591613801242,2,900.0,0
train_20261057,train,burst,20261057,0.34497997389647533,0,900.0,1
train_20261058,train,burst,20261058,0.0,2,900.0,1
train_20261059,train,burst,20261059,0.0,1,900.0,1
train_20261060,train,burst,20261060,0.3156506324603939,2,900.0,1
train_20261061,train,noise,20261061,0.0,0,900.0,0
train_20261062,train,artifacts,20261062,0.37020699671351803,2,900.0,0
train_20261063,train,burst,20261063,0.0,3,900.0,1
train_20261064,train,burst,20261064,0.5479415964794775,2,900.0,1
train_20261065,train,burst,20261065,0.0,1,900.0,1
train_20261066,train,burst,20261066,0.005184078794579716,0,900.0,1
train_20261067,train,noise,20261067,0.0,0,900.0,0
train_20261068,train,artifacts,20261068,0.0,2,900.0,0
train_20261069,train,burst,20261069,0.5242596539960545,3,900.0,1
train_20261070,train,burst,20261070,0.16937042030248733,3,900.0,1
train_20261071,train,burst,20261071,0.0,2,900.0,1
train_20261072,train,burst,20261072,0.1333562148873669,1,900.0,1
train_20261073,train,noise,20261073,0.0,0,900.0,0
train_20261074,train,artifacts,20261074,0.5254784748577414,2,900.0,0
train_20261075,train,burst,20261075,0.15867747535668117,1,900.0,1
train_20261076,train,burst,20261076,0.1454349579036274,0,900.0,1
train_20261077,train,burst,20261077,0.0,1,900.0,1
train_20261078,train,burst,20261078,0.0,0,900.0,1
train_20261079,train,noise,20261079,0.5147508422184297,0,900.0,0
train_20261080,train,artifacts,20261080,0.49560880783410544,2,900.0,0
train_20261081,train,burst,20261081,0.0,2,900.0,1
train_20261082,train,burst,20261082,0.0,0,900.0,1
train_20261083,train,burst,20261083,0.0,0,900.0,1
train_20261084,train,burst,20261084,0.5041861085572681,2,900.0,1
train_20261085,train,noise,20261085,0.06728644539577429,0,900.0,0
train_20261086,train,artifacts,20261086,0.0,2,900.0,0
train_20261087,train,burst,20261087,0.18597113723554384,2,900.0,1
train_20261088,train,burst,20261088,0.18853932486448066,3,900.0,1
train_20261089,train,burst,20261089,0.44150882951133924,3,900.0,1
train_20261090,train,burst,20261090,0.0,0,900.0,1
train_20261091,train,noise,20261091,0.5567804019897361,0,900.0,0
train_20261092,train,artifacts,20261092,0.07955592205419,2,900.0,0
train_20261093,train,burst,20261093,0.05972176681226917,2,900.0,1
train_20261094,train,burst,20261094,0.0,3,900.0,1
train_20261095,train,burst,20261095,0.0,0,900.0,1
train_20261096,train,burst,20261096,0.32038487806211347,1,900.0,1
train_20261097,train,noise,20261097,0.0,0,900.0,0
train_20261098,train,artifacts,20261098,0.41290948257868193,2,900.0,0
train_20261099,train,burst,20261099,0.27735262901688157,0,900.0,1
train_20261100,train,burst,20261100,0.0,3,900.0,1
train_20261101,train,burst,20261101,0.29035694372684584,1,900.0,1
train_20261102,train,burst,20261102,0.49143611235375423,2,900.0,1
train_20261103,train,noise,20261103,0.0,0,900.0,0
train_20261104,train,artifacts,20261104,0.0,2,900.0,0
