group_id,observed_start_s,observed_peak_s,observed_end_s,strength,shape,strength_band
train_20261009,276.0,314.5,353.0,4.00302678970171,gaussian,Medium (4–8)
train_20261010,264.0,283.5,318.0,4.8347390919457505,double,Medium (4–8)
train_20261011,239.0,245.5,252.0,9.4797984616404,gaussian,Strong (8–12)
train_20261012,240.0,261.5,304.0,11.837451944443217,triangle,Strong (8–12)
train_20261015,272.0,298.5,326.0,10.363481445580693,gaussian,Strong (8–12)
train_20261016,203.0,235.5,268.0,10.245709554418758,gaussian,Strong (8–12)
train_20261017,283.0,303.5,338.0,3.329159957685885,double,Weak (2.5–4)
train_20261018,199.0,222.5,248.0,3.4196773298746184,double,Weak (2.5–4)
train_20261021,237.0,249.5,341.0,11.306793072595733,fred,Strong (8–12)
train_20261022,292.0,298.5,364.0,4.32530925287665,fred,Medium (4–8)
train_20261023,276.0,292.5,308.0,11.35938234770974,gaussian,Strong (8–12)
train_20261024,303.0,333.5,385.0,3.0979761505665655,double,Weak (2.5–4)
train_20261027,250.0,272.5,309.0,6.307285456990512,double,Medium (4–8)
train_20261028,298.0,307.5,359.0,5.766112204614697,fred,Medium (4–8)
train_20261029,201.0,235.5,270.0,10.062088707185513,gaussian,Strong (8–12)
train_20261030,333.0,339.5,346.0,10.423990417656148,gaussian,Strong (8–12)
train_20261033,278.0,289.5,320.0,5.085096294140431,double,Medium (4–8)
train_20261034,205.0,220.5,238.0,8.009522721160575,triangle,Strong (8–12)
train_20261035,192.0,216.5,245.0,7.657490632088036,double,Medium (4–8)
train_20261036,240.0,245.5,289.0,9.075597942600432,triangle,Strong (8–12)
train_20261039,215.0,221.5,255.0,2.689094221943665,triangle,Weak (2.5–4)
train_20261040,252.0,256.5,260.0,3.698946607952715,gaussian,Weak (2.5–4)
train_20261041,299.0,305.5,344.0,10.871213742986672,fred,Strong (8–12)
train_20261042,215.0,256.5,298.0,4.968709779629448,gaussian,Medium (4–8)
train_20261045,194.0,214.5,249.0,6.065897960976039,double,Medium (4–8)
train_20261046,230.0,265.5,281.0,6.279585432363669,double,Medium (4–8)
train_20261047,177.0,208.5,240.0,3.3831064983272103,gaussian,Weak (2.5–4)
train_20261048,206.0,219.5,325.0,11.799565808912874,fred,Strong (8–12)
train_20261051,200.0,225.5,273.0,5.027985647142286,double,Medium (4–8)
train_20261052,311.0,331.5,382.0,3.9021989589832855,double,Weak (2.5–4)
train_20261053,244.0,249.5,289.0,9.650289819922499,fred,Strong (8–12)
train_20261054,265.0,284.5,297.0,9.543839699247716,triangle,Strong (8–12)
train_20261057,301.0,315.5,330.0,3.8888235868098997,gaussian,Weak (2.5–4)
train_20261058,225.0,233.5,284.0,2.5223565499595355,fred,Weak (2.5–4)
train_20261059,213.0,220.5,226.0,5.2204632327592835,triangle,Medium (4–8)
train_20261060,280.0,300.5,321.0,4.185073684322434,triangle,Medium (4–8)
train_20261063,292.0,301.5,352.0,9.567098041492713,fred,Strong (8–12)
train_20261064,270.0,283.5,320.0,11.323942180817259,triangle,Strong (8–12)
train_20261065,205.0,236.5,268.0,7.501591720744296,gaussian,Medium (4–8)
train_20261066,310.0,325.5,347.0,5.8113064836868435,triangle,Medium (4–8)
train_20261069,224.0,263.5,304.0,6.327141484011957,gaussian,Medium (4–8)
train_20261070,211.0,225.5,259.0,10.365242586657356,triangle,Strong (8–12)
train_20261071,202.0,217.5,234.0,8.428995271501638,gaussian,Strong (8–12)
train_20261072,203.0,227.5,259.0,3.079537081498992,double,Weak (2.5–4)
train_20261075,238.0,256.5,264.0,11.619802578658472,triangle,Strong (8–12)
train_20261076,209.0,247.5,285.0,2.849986773574928,gaussian,Weak (2.5–4)
train_20261077,230.0,242.5,271.0,7.01865208055117,triangle,Medium (4–8)
train_20261078,229.0,240.5,287.0,11.439284876888278,triangle,Strong (8–12)
train_20261081,290.0,298.5,324.0,3.280309190597122,double,Weak (2.5–4)
train_20261082,269.0,275.5,282.0,3.3959050675703795,triangle,Weak (2.5–4)
train_20261083,262.0,280.5,299.0,10.00232493336166,gaussian,Strong (8–12)
train_20261084,298.0,314.5,340.0,4.155313459271436,triangle,Medium (4–8)
train_20261087,189.0,219.5,242.0,7.713749714939718,double,Medium (4–8)
train_20261088,304.0,309.5,340.0,5.848962291759792,fred,Medium (4–8)
train_20261089,207.0,214.5,238.0,6.1512476281562165,triangle,Medium (4–8)
train_20261090,190.0,218.5,240.0,5.796285846147098,double,Medium (4–8)
train_20261093,173.0,201.5,247.0,7.46236805025506,double,Medium (4–8)
train_20261094,284.0,298.5,311.0,6.311891072279122,triangle,Medium (4–8)
train_20261095,244.0,248.5,298.0,8.367328988282733,fred,Strong (8–12)
train_20261096,232.0,245.5,354.0,4.694162812166923,fred,Medium (4–8)
train_20261099,293.0,315.5,337.0,5.816198610626893,gaussian,Medium (4–8)
train_20261100,195.0,221.5,247.0,3.3691063657414264,gaussian,Weak (2.5–4)
train_20261101,212.0,217.5,234.0,8.4911164921009,triangle,Strong (8–12)
train_20261102,226.0,235.5,270.0,7.43305981422641,triangle,Medium (4–8)
